tid,resultat,detalj
2026-10-05 15:36,blockerad/fel,HTTP 403
2026-10-05 16:35,blockerad/fel,HTTP 403
2026-10-05 17:33,blockerad/fel,HTTP 403
2026-10-05 18:32,blockerad/fel,HTTP 403
2026-10-05 19:29,blockerad/fel,HTTP 403
2026-10-05 20:35,blockerad/fel,HTTP 403
2026-10-05 23:31,blockerad/fel,HTTP 403
2026-10-06 00:28,blockerad/fel,HTTP 403
2026-10-06 01:26,blockerad/fel,HTTP 403
2026-10-06 02:40,blockerad/fel,HTTP 403
2026-10-06 03:29,blockerad/fel,HTTP 403
2026-10-06 04:29,blockerad/fel,HTTP 403
2026-10-06 05:29,blockerad/fel,HTTP 403
2026-10-06 06:31,blockerad/fel,HTTP 403
2026-10-06 07:30,blockerad/fel,HTTP 403
2026-10-06 08:36,blockerad/fel,HTTP 403
2026-10-06 09:31,blockerad/fel,HTTP 403
2026-10-06 10:32,blockerad/fel,HTTP 403
2026-10-06 11:32,blockerad/fel,HTTP 403
2026-10-06 12:31,blockerad/fel,HTTP 403
2026-10-06 13:29,blockerad/fel,HTTP 403
2026-10-06 14:36,blockerad/fel,HTTP 403
2026-10-06 15:32,blockerad/fel,HTTP 403
2026-10-06 16:32,blockerad/fel,HTTP 403
2026-10-06 17:30,blockerad/fel,HTTP 403
2026-10-06 18:32,blockerad/fel,HTTP 403
2026-10-06 19:28,blockerad/fel,HTTP 403
2026-10-06 20:33,blockerad/fel,HTTP 403
2026-10-06 21:29,blockerad/fel,HTTP 403
2026-10-06 22:31,blockerad/fel,HTTP 403
2026-10-06 23:29,blockerad/fel,HTTP 403
2026-10-07 00:29,blockerad/fel,HTTP 403
2026-10-07 01:28,blockerad/fel,HTTP 403
2026-10-07 02:41,blockerad/fel,HTTP 403
2026-10-07 03:30,blockerad/fel,HTTP 403
2026-10-07 04:30,blockerad/fel,HTTP 403
2026-10-07 05:31,blockerad/fel,HTTP 403
2026-10-07 06:31,blockerad/fel,HTTP 403
2026-10-07 07:31,blockerad/fel,HTTP 403
2026-10-07 08:36,blockerad/fel,HTTP 403
2026-10-07 09:32,blockerad/fel,HTTP 403
2026-10-07 10:33,blockerad/fel,HTTP 403
2026-10-07 11:32,blockerad/fel,HTTP 403
2026-10-07 12:31,blockerad/fel,HTTP 403
2026-10-07 13:30,blockerad/fel,HTTP 403
2026-10-07 14:38,blockerad/fel,HTTP 403
2026-10-07 15:33,blockerad/fel,HTTP 403
2026-10-07 16:32,blockerad/fel,HTTP 403
2026-10-07 17:40,blockerad/fel,HTTP 403
2026-10-07 18:34,blockerad/fel,HTTP 403
2026-10-07 19:32,blockerad/fel,HTTP 403
2026-10-07 20:35,blockerad/fel,HTTP 403
2026-10-07 21:30,blockerad/fel,HTTP 403
2026-10-07 22:30,blockerad/fel,HTTP 403
2026-10-07 23:30,blockerad/fel,HTTP 403
2026-10-08 00:28,blockerad/fel,HTTP 403
2026-10-08 01:27,blockerad/fel,HTTP 403
2026-10-08 02:40,blockerad/fel,HTTP 403
2026-10-08 03:30,blockerad/fel,HTTP 403
2026-10-08 04:28,blockerad/fel,HTTP 403
2026-10-08 05:31,blockerad/fel,HTTP 403
2026-10-08 06:31,blockerad/fel,HTTP 403
2026-10-08 07:30,blockerad/fel,HTTP 403
2026-10-08 08:38,blockerad/fel,HTTP 403
2026-10-08 09:33,blockerad/fel,HTTP 403
2026-10-08 10:33,blockerad/fel,HTTP 403
2026-10-08 11:32,blockerad/fel,HTTP 403
2026-10-08 12:33,blockerad/fel,HTTP 403
2026-10-08 13:31,blockerad/fel,HTTP 403
2026-10-08 14:38,blockerad/fel,HTTP 403
2026-10-08 15:34,blockerad/fel,HTTP 403
2026-10-08 16:35,blockerad/fel,HTTP 403
2026-10-08 17:33,blockerad/fel,HTTP 403
2026-10-08 18:34,blockerad/fel,HTTP 403
2026-10-08 19:31,blockerad/fel,HTTP 403
2026-10-08 20:35,blockerad/fel,HTTP 403
2026-10-08 21:31,blockerad/fel,HTTP 403
2026-10-08 22:33,blockerad/fel,HTTP 403
2026-10-08 23:30,blockerad/fel,HTTP 403
2026-10-09 00:30,blockerad/fel,HTTP 403
2026-10-09 01:29,blockerad/fel,HTTP 403
2026-10-09 02:43,blockerad/fel,HTTP 403
2026-10-09 03:31,blockerad/fel,HTTP 403
2026-10-09 04:29,blockerad/fel,HTTP 403
2026-10-09 05:31,blockerad/fel,HTTP 403
2026-10-09 06:32,blockerad/fel,HTTP 403
2026-10-09 07:31,blockerad/fel,HTTP 403
2026-10-09 08:38,blockerad/fel,HTTP 403
2026-10-09 09:33,blockerad/fel,HTTP 403
2026-10-09 10:33,blockerad/fel,HTTP 403
2026-10-09 11:32,blockerad/fel,HTTP 403
2026-10-09 12:32,blockerad/fel,HTTP 403
2026-10-09 13:29,blockerad/fel,HTTP 403
2026-10-09 14:35,blockerad/fel,HTTP 403
2026-10-09 15:34,blockerad/fel,HTTP 403
2026-10-09 16:35,blockerad/fel,HTTP 403
2026-10-09 17:31,blockerad/fel,HTTP 403
2026-10-09 18:31,blockerad/fel,HTTP 403
2026-10-09 19:29,blockerad/fel,HTTP 403
2026-10-09 20:33,blockerad/fel,HTTP 403
2026-10-09 21:30,blockerad/fel,HTTP 403
2026-10-09 22:29,blockerad/fel,HTTP 403
2026-10-09 23:30,blockerad/fel,HTTP 403
2026-10-10 00:30,blockerad/fel,HTTP 403
2026-10-10 01:28,blockerad/fel,HTTP 403
2026-10-10 02:41,blockerad/fel,HTTP 403
2026-10-10 03:31,blockerad/fel,HTTP 403
2026-10-10 04:30,blockerad/fel,HTTP 403
2026-10-10 05:30,blockerad/fel,HTTP 403
2026-10-10 06:30,blockerad/fel,HTTP 403
2026-10-10 07:29,blockerad/fel,HTTP 403
2026-10-10 08:35,blockerad/fel,HTTP 403
2026-10-10 09:30,blockerad/fel,HTTP 403
2026-10-10 10:29,blockerad/fel,HTTP 403
2026-10-10 11:29,blockerad/fel,HTTP 403
2026-10-10 12:28,blockerad/fel,HTTP 403
2026-10-10 13:28,blockerad/fel,HTTP 403
2026-10-10 14:34,blockerad/fel,HTTP 403
2026-10-10 15:29,blockerad/fel,HTTP 403
2026-10-10 16:28,blockerad/fel,HTTP 403
2026-10-10 17:28,blockerad/fel,HTTP 403
2026-10-10 18:29,blockerad/fel,HTTP 403
2026-10-10 19:27,blockerad/fel,HTTP 403
2026-10-10 20:32,blockerad/fel,HTTP 403
2026-10-10 21:27,blockerad/fel,HTTP 403
2026-10-10 22:28,blockerad/fel,HTTP 403
2026-10-10 23:28,blockerad/fel,HTTP 403
2026-10-11 00:28,blockerad/fel,HTTP 403
2026-10-11 01:27,blockerad/fel,HTTP 403
2026-10-11 02:40,blockerad/fel,HTTP 403
2026-10-11 03:29,blockerad/fel,HTTP 403
2026-10-11 04:29,blockerad/fel,HTTP 403
2026-10-11 05:31,blockerad/fel,HTTP 403
